종목명,종목코드,섹터,수량,평단가,현재가,등락률,업데이트시각,통화,매입금액KRW
서흥,008490,제약바이오,23.0,22169.521739130436,20400.0,0.99,10/07 13:12,원,509899.0
CJ제일제당,097950,식품,3.0,182466.66666666666,182900.0,1.55,10/07 13:12,원,547400.0
유한양행,000100,제약바이오,2.0,79200.0,75100.0,-1.57,10/07 13:12,원,158400.0
사조대림,003960,식품,6.0,28775.0,27400.0,-0.54,10/07 13:12,원,172650.0
한국단자,025540,전기전자,3.0,57400.0,55100.0,-0.9,10/07 13:12,원,172200.0
신세계인터내셔날,031430,의류,11.0,10536.363636363636,10630.0,1.14,10/07 13:12,원,115900.0
JYP Ent.,035900,엔터테인먼트,4.0,39512.5,38800.0,2.51,10/07 13:12,원,158050.0
영원무역,111770,의류,5.0,75020.0,70900.0,4.73,10/07 13:12,원,375100.0
종근당,185750,식품,2.0,66400.0,66200.0,0.76,10/07 13:12,원,132800.0
한샘,009240,가구,2.0,38375.0,40500.0,1.12,10/07 13:12,원,76750.0
노바렉스,194700,식품,13.0,10644.615384615385,10620.0,-0.09,10/07 13:12,원,138380.0
코오롱티슈진,950160,제약바이오,11.0,18672.727272727272,17080.0,-0.23,10/07 13:12,원,205400.0
오스테오닉,226400,의료기기,17.0,4147.352941176471,4250.0,1.19,10/07 13:12,원,70505.0
와이지-원,019210,기계,18.0,13082.777777777777,12460.0,-1.97,10/07 13:12,원,235490.0
미스토홀딩스,081660,섬유의류,8.0,39537.5,38900.0,0.13,10/07 13:12,원,316300.0
이마트,139480,유통,1.0,74300.0,71500.0,-0.42,10/07 13:12,원,74300.0
GS리테일,007070,유통,11.0,24272.727272727272,22450.0,1.13,10/07 13:12,원,267000.0
해태제과식품,101530,식품,7.0,5550.0,5530.0,0.0,10/07 13:12,원,38850.0
매일유업,267980,식품,1.0,34000.0,34850.0,-0.71,10/07 13:12,원,34000.0
마녀공장,439090,화장품,9.0,15924.583333333334,16000.0,1.2,10/07 13:12,원,143321.25
SK텔레콤,017670,통신,2.0,92050.0,87600.0,-0.9,10/07 13:12,원,184100.0
씨앤씨인터내셔널,352480,기타2,5.0,21710.0,20650.0,0.98,10/07 13:12,원,108550.0
에스엘,005850,자동차부품,1.0,50000.0,51100.0,-1.73,10/07 13:12,원,50000.0
AJ네트웍스,095570,렌탈서비스,14.0,4242.642857142857,4285.0,1.18,10/07 13:12,원,59397.0
대신증권,003540,금융,2.0,26500.0,25100.0,-0.59,10/07 13:12,원,53000.0
아이센스,099190,의료기기,4.0,16332.5,16950.0,1.01,10/07 13:12,원,65330.0
오리온,271560,식품,2.0,123150.0,105600.0,-0.85,10/07 13:12,원,246300.0
풀무원,017810,기타2,6.0,9170.0,8860.0,0.45,10/07 13:12,원,55020.0
바텍,043150,의료기기,4.0,17877.5,17510.0,-0.62,10/07 13:12,원,71510.0
실리콘투,257720,화장품,4.0,42450.0,37900.0,3.13,10/07 13:12,원,169800.0
더네이쳐홀딩스,298540,화장품,11.0,6526.363636363636,6490.0,-2.84,10/07 13:12,원,71790.0
씨티케이,260930,화장품,20.0,2321.45,2330.0,-0.64,10/07 13:12,원,46429.0
파라다이스,034230,레저,8.0,9596.25,9920.0,5.42,10/07 13:12,원,76770.0
인바디,041830,의료기기,2.0,56500.0,52900.0,1.15,10/07 13:12,원,113000.0
파마리서치,214450,미용,1.0,342000.0,310000.0,1.31,10/07 13:12,원,342000.0
크라운해태홀딩스,005740,식품,6.0,5285.0,5220.0,-0.19,10/07 13:12,원,31710.0
NAVER,035420,인터넷,1.0,199900.0,189650.0,-0.76,10/07 13:12,원,199900.0
KCC글라스,344820,건자재,3.0,24100.0,23750.0,-1.86,10/07 13:12,원,72300.0
삼양패키징,272550,포장재,6.0,9510.0,9800.0,-0.2,10/07 13:12,원,57060.0
CJ대한통운,000120,물류,1.0,70600.0,70450.0,0.79,10/07 13:12,원,70600.0
SGC에너지,005090,에너지,1.0,48650.0,47300.0,-2.07,10/07 13:12,원,48650.0
카카오뱅크,323410,은행,3.0,19760.0,19850.0,-1.24,10/07 13:12,원,59280.0
신도리코,029530,미분류,1.0,38650.0,38150.0,-2.05,10/07 13:12,원,38650.0
빙그레,005180,미분류,1.0,83200.0,87700.0,5.41,10/07 13:12,원,83200.0
GS건설,006360,건설,1.0,33100.0,33000.0,-0.15,10/07 13:12,원,33100.0
현대백화점,069960,미분류,1.0,86200.0,86800.0,-1.14,10/07 13:12,원,86200.0
