날짜,섹터그룹,비중
2026-08-14,가구,1.2525619924941749
2026-08-14,건설,1.420301833791893
2026-08-14,기계,4.185657722101936
2026-08-14,반도체,3.5335103017294984
2026-08-14,소비재,13.431728600363064
2026-08-14,식품,13.384698738316974
2026-08-14,엔터,2.511394633261161
2026-08-14,유통 물류,3.124350501928523
2026-08-14,의료바이오,19.6540928814743
2026-08-14,전기전자,5.304968438798857
2026-08-14,항공우주,30.89871016326757
2026-08-14,해운,1.2980241924720608
2026-08-18,가구,1.2409865793479973
2026-08-18,건설,1.4071762714509206
2026-08-18,기계,5.071115371177987
2026-08-18,반도체,3.500855757009244
2026-08-18,소비재,13.30760076577427
2026-08-18,식품,13.26100552499775
2026-08-18,엔터,2.488185857466197
2026-08-18,유통 물류,3.095477162253516
2026-08-18,의료바이오,19.47246175544645
2026-08-18,전기전자,5.255943159591518
2026-08-18,항공우주,30.61316315005219
2026-08-18,해운,1.2860286454319672
2026-08-19,가구,1.2409865793479973
2026-08-19,건설,1.4071762714509206
2026-08-19,기계,5.071115371177987
2026-08-19,반도체,3.500855757009244
2026-08-19,소비재,13.30760076577427
2026-08-19,식품,13.26100552499775
2026-08-19,엔터,2.488185857466197
2026-08-19,유통 물류,3.095477162253516
2026-08-19,의료바이오,19.47246175544645
2026-08-19,전기전자,5.255943159591518
2026-08-19,항공우주,30.61316315005219
2026-08-19,해운,1.2860286454319672
2026-08-20,가구,1.2409865793479973
2026-08-20,건설,1.4071762714509206
2026-08-20,기계,5.071115371177987
2026-08-20,반도체,3.500855757009244
2026-08-20,소비재,13.30760076577427
2026-08-20,식품,13.26100552499775
2026-08-20,엔터,2.488185857466197
2026-08-20,유통 물류,3.095477162253516
2026-08-20,의료바이오,19.47246175544645
2026-08-20,전기전자,5.255943159591518
2026-08-20,항공우주,30.61316315005219
2026-08-20,해운,1.2860286454319672
2026-08-21,가구,1.2409865793479973
2026-08-21,건설,1.4071762714509206
2026-08-21,기계,5.071115371177987
2026-08-21,반도체,3.500855757009244
2026-08-21,소비재,13.30760076577427
2026-08-21,식품,13.26100552499775
2026-08-21,엔터,2.488185857466197
2026-08-21,유통 물류,3.095477162253516
2026-08-21,의료바이오,19.47246175544645
2026-08-21,전기전자,5.255943159591518
2026-08-21,항공우주,30.61316315005219
2026-08-21,해운,1.2860286454319672
2026-08-24,가구,1.2409865793479973
2026-08-24,건설,1.4071762714509206
2026-08-24,기계,5.071115371177987
2026-08-24,반도체,3.500855757009244
2026-08-24,소비재,13.30760076577427
2026-08-24,식품,13.26100552499775
2026-08-24,엔터,2.488185857466197
2026-08-24,유통 물류,3.095477162253516
2026-08-24,의료바이오,19.47246175544645
2026-08-24,전기전자,5.255943159591518
2026-08-24,항공우주,30.61316315005219
2026-08-24,해운,1.2860286454319672
2026-08-25,가구,1.2409865793479973
2026-08-25,건설,1.4071762714509206
2026-08-25,기계,5.071115371177987
2026-08-25,반도체,3.500855757009244
2026-08-25,소비재,13.30760076577427
2026-08-25,식품,13.26100552499775
2026-08-25,엔터,2.488185857466197
2026-08-25,유통 물류,3.095477162253516
2026-08-25,의료바이오,19.47246175544645
2026-08-25,전기전자,5.255943159591518
2026-08-25,항공우주,30.61316315005219
2026-08-25,해운,1.2860286454319672
2026-08-26,가구,1.2409865793479973
2026-08-26,건설,1.4071762714509206
2026-08-26,기계,5.071115371177987
2026-08-26,반도체,3.500855757009244
2026-08-26,소비재,13.30760076577427
2026-08-26,식품,13.26100552499775
2026-08-26,엔터,2.488185857466197
2026-08-26,유통 물류,3.095477162253516
2026-08-26,의료바이오,19.47246175544645
2026-08-26,전기전자,5.255943159591518
2026-08-26,항공우주,30.61316315005219
2026-08-26,해운,1.2860286454319672
2026-08-27,가구,1.0603226167386972
2026-08-27,건설,1.1961207267737957
2026-08-27,기계,1.9779886330364829
2026-08-27,반도체,1.4347961928960895
2026-08-27,소비재,14.21792495086668
2026-08-27,식품,13.509580061754308
2026-08-27,에너지기자재,2.348347114950388
2026-08-27,엔터,2.161796175912273
2026-08-27,유통 물류,4.143899903192243
2026-08-27,의료바이오,17.82741128163797
2026-08-27,전기전자,5.289267800963023
2026-08-27,항공우주,33.67757475693913
2026-08-27,해운,1.1549697843389173
2026-08-28,가구,1.0088306212944922
2026-08-28,건설,1.1473991405223622
2026-08-28,금융지주,3.087358409712541
2026-08-28,기계,1.860962262901393
2026-08-28,미분류,1.0598549171597078
2026-08-28,반도체,1.3597845344790973
2026-08-28,소비재,3.007584383689767
2026-08-28,식품,14.577667229349911
2026-08-28,에너지기자재,2.2559472943453214
2026-08-28,엔터,2.0513320977284666
2026-08-28,유통 물류,3.889631285055208
2026-08-28,의료바이오,15.72584338960626
2026-08-28,의류,10.542862757327931
2026-08-28,전기전자,5.757716228851492
2026-08-28,항공우주,31.57162762305289
2026-08-28,해운,1.0955978249231584
2026-08-31,가구,0.9729750732731604
2026-08-31,건설,1.1066186327599743
2026-08-31,금융지주,2.977628465575372
2026-08-31,기계,1.7948205138556244
2026-08-31,미분류,3.380307751356202
2026-08-31,반도체,1.311455490291166
2026-08-31,소비재,2.900689743478289
2026-08-31,식품,14.059552259058608
2026-08-31,에너지기자재,2.1757671086544867
2026-08-31,엔터,1.978424282496388
2026-08-31,유통 물류,3.751387204847159
2026-08-31,의료바이오,15.632299643224927
2026-08-31,의류,10.168151568057509
2026-08-31,전기전자,6.283745306337958
2026-08-31,항공우주,30.44951853312715
2026-08-31,해운,1.0566584236060252
2026-09-01,가구,0.9641433234096056
2026-09-01,건설,1.0965737927354435
2026-09-01,금융지주,2.950600363297175
2026-09-01,기계,2.134234591639953
2026-09-01,미분류,3.3496245063873635
2026-09-01,반도체,1.2995513345058864
2026-09-01,소비재,2.8743600183394964
2026-09-01,식품,13.93193290666568
2026-09-01,에너지기자재,2.1560175473421475
2026-09-01,엔터,1.960466013197452
2026-09-01,유통 물류,3.717335650655648
2026-09-01,의료바이오,16.042404273903237
2026-09-01,의류,10.075854680202308
2026-09-01,전기전자,6.226707394189634
2026-09-01,항공우주,30.17312652829851
2026-09-01,해운,1.0470670752304572
2026-09-02,가구,1.710791698460824
2026-09-02,건설,1.444542659296391
2026-09-02,기계,1.745687317210886
2026-09-02,반도체,6.827305148956904
2026-09-02,서비스,0.7758610298715048
2026-09-02,소비재,2.9772307451757305
2026-09-02,식품,13.793739583060155
2026-09-02,에너지기자재,3.471434280850308
2026-09-02,엔터,2.6273681779673184
2026-09-02,유통 물류,3.400056878861545
2026-09-02,의료바이오,14.676326823524386
2026-09-02,의류,9.325061028709706
2026-09-02,자동차부품,1.135240584011752
2026-09-02,전기전자,5.519852420464328
2026-09-02,통신,2.071077632308865
2026-09-02,항공우주,27.59476342259896
2026-09-02,해운,0.9036605686704328
2026-09-03,가구,1.588812041805367
2026-09-03,건설,1.397725188128775
2026-09-03,기계,1.7378168468071131
2026-09-03,반도체,6.451865115709632
2026-09-03,서비스,0.729994721910574
2026-09-03,소비재,3.1123539672987293
2026-09-03,식품,13.417732397376298
2026-09-03,에너지기자재,3.40091658678338
2026-09-03,엔터,2.479835011196214
2026-09-03,유통 물류,6.034265193910788
2026-09-03,의료바이오,14.246491111074771
2026-09-03,의류,8.939429482784899
2026-09-03,자동차부품,1.090697996266387
2026-09-03,전기전자,5.34291725139548
2026-09-03,통신,3.821737073531829
2026-09-03,항공우주,26.20741001401976
2026-09-04,가구,1.613002769669373
2026-09-04,건설,1.4232377379435643
2026-09-04,기계,1.803630369721208
2026-09-04,미분류,0.5714515159924918
2026-09-04,반도체,1.1127131405740591
2026-09-04,서비스,0.7331830771224424
2026-09-04,소비재,3.153981084115541
2026-09-04,식품,16.052180905269847
2026-09-04,에너지기자재,3.4243962543248188
2026-09-04,엔터,2.532716247295025
2026-09-04,유통 물류,6.62344653347524
2026-09-04,의료바이오,15.323741953940551
2026-09-04,의류,8.89070737843564
2026-09-04,자동차부품,1.1019310364987294
2026-09-04,전기전자,5.524750128199109
2026-09-04,통신,3.96350145809132
2026-09-04,항공우주,26.15142840933103
2026-09-07,가구,1.6047425555734327
2026-09-07,건설,1.4159493137412642
2026-09-07,기계,1.7943939485048386
2026-09-07,미분류,2.096248597661499
2026-09-07,반도체,1.1070149180158977
2026-09-07,서비스,1.0941426515273405
2026-09-07,소비재,4.361552961872713
2026-09-07,식품,19.19169118333917
2026-09-07,엔터,2.5197461651350226
2026-09-07,유통 물류,4.818518422216484
2026-09-07,의료바이오,15.24526881572242
2026-09-07,의류,8.845177917611906
2026-09-07,자동차부품,1.0962880292754331
2026-09-07,전기전자,4.848553710689783
2026-09-07,통신,3.943204300994611
2026-09-07,항공우주,26.01750650811817
2026-09-08,가구,1.9595644628702835
2026-09-08,건설,1.68124585985336
2026-09-08,기계,2.0582983021305856
2026-09-08,미분류,9.281484634546263
2026-09-08,반도체,1.332403085936221
2026-09-08,서비스,1.2664126117367331
2026-09-08,소비재,7.823397401184303
2026-09-08,식품,25.471063680807603
2026-09-08,엔터,2.988461741896647
2026-09-08,유통 물류,5.712457842917484
2026-09-08,의료바이오,18.45844237293685
2026-09-08,의류,10.438584781387664
2026-09-08,자동차부품,1.2795099577610591
2026-09-08,전기전자,5.594077984620693
2026-09-08,통신,4.654595279414246
2026-09-09,가구,2.05349106678597
2026-09-09,건설,1.7618319885342348
2026-09-09,기계,2.1569574547268564
2026-09-09,미분류,4.659946630347853
2026-09-09,반도체,1.396268347467581
2026-09-09,서비스,1.3271147922621922
2026-09-09,소비재,8.198391519979307
2026-09-09,식품,26.965135522492066
2026-09-09,엔터,3.131705849282202
2026-09-09,유통 물류,5.986269588008457
2026-09-09,의료바이오,19.343199592469126
2026-09-09,의류,10.938931076076829
2026-09-09,자동차부품,1.3408399253563916
2026-09-09,전기전자,5.862215500426271
2026-09-09,통신,4.877701145784669
2026-09-10,가구,1.8684906694630472
2026-09-10,건설,2.1497175814485567
2026-09-10,기계,2.486236564265116
2026-09-10,미분류,7.701089158464216
2026-09-10,반도체,1.2822040563407135
2026-09-10,서비스,1.1954527038299292
2026-09-10,소비재,9.978312161872305
2026-09-10,식품,25.83641173526538
2026-09-10,엔터,3.7369813389260944
2026-09-10,유통 물류,5.350461164470078
2026-09-10,의료바이오,17.889844848542623
2026-09-10,의류,9.66419600085798
2026-09-10,자동차부품,1.2345384780380848
2026-09-10,전기전자,5.317095259658238
2026-09-10,통신,4.308968278557639
2026-09-11,가구,1.6388799806749603
2026-09-11,건설,1.9075146916115169
2026-09-11,기계,2.2007221900600995
2026-09-11,미분류,16.44898231175787
2026-09-11,반도체,1.9460398245752863
2026-09-11,서비스,1.0420527856794792
2026-09-11,소비재,9.075480106454313
2026-09-11,식품,23.02615960650221
2026-09-11,엔터,3.2860897198285737
2026-09-11,유통 물류,4.660499868806304
2026-09-11,의료바이오,15.65099144950292
2026-09-11,의류,8.450331732631412
2026-09-11,자동차부품,1.0849510418445416
2026-09-11,전기전자,5.832913374676702
2026-09-11,통신,3.74839131539381
2026-09-14,가구,1.6457236184254382
2026-09-14,건설,1.9123725084994327
2026-09-14,기계,2.384841010599293
2026-09-14,미분류,16.416822211852544
2026-09-14,반도체,2.703986400906606
2026-09-14,서비스,1.0511799213385775
2026-09-14,소비재,8.182787814145724
2026-09-14,식품,22.89389040730618
2026-09-14,엔터,3.283114459036064
2026-09-14,유통 물류,4.769473701753216
2026-09-14,의료바이오,15.728534764349044
2026-09-14,의류,8.415480634624359
2026-09-14,자동차부품,1.058262782481168
2026-09-14,전기전자,5.8162789147390175
2026-09-14,통신,3.737250849943337
2026-09-15,가구,1.5457334176822353
2026-09-15,기계,2.516541535866188
2026-09-15,미분류,20.205938640152464
2026-09-15,반도체,2.616009580762084
2026-09-15,서비스,1.0758463735940191
2026-09-15,소비재,8.475672105579362
2026-09-15,식품,22.489923887052047
2026-09-15,엔터,3.123296609731158
2026-09-15,유통 물류,4.390519501704882
2026-09-15,의료바이오,15.557001157808042
2026-09-15,의류,8.024882926111157
2026-09-15,자동차부품,1.004627253448557
2026-09-15,전기전자,5.4687531083764025
2026-09-15,통신,3.5052539021314013
2026-09-16,가구,1.5293770298198996
2026-09-16,기계,2.489912410195847
2026-09-16,미분류,19.992126759177246
2026-09-16,반도체,2.588327920480268
2026-09-16,서비스,1.0644621592362955
2026-09-16,소비재,9.246137191221337
2026-09-16,식품,22.449955713020373
2026-09-16,엔터,3.090247022930814
2026-09-16,유통 물류,4.344060623954335
2026-09-16,의료바이오,15.392382639503984
2026-09-16,의류,7.939966538726503
2026-09-16,자동차부품,0.9939966538726503
2026-09-16,전기전자,5.410884755437457
2026-09-16,통신,3.4681625824229902
2026-09-17,가구,1.429155880728778
2026-09-17,건설,0.8971209572225575
2026-09-17,금융,0.9741742909717342
2026-09-17,기계,2.410668584438529
2026-09-17,기타2,3.5870161463426267
2026-09-17,레저,0.8980382588148097
2026-09-17,미용,6.072536540708928
2026-09-17,바이오,1.2172592129185418
2026-09-17,반도체,6.195454954070709
2026-09-17,서비스,1.0633360057386387
2026-09-17,소비재,9.455361352616237
2026-09-17,식품,22.549841582015016
2026-09-17,엔터,2.8473041423505303
2026-09-17,유통 물류,4.4369878017234265
2026-09-17,의료바이오,17.503948983354643
2026-09-17,의류,7.470687627619584
2026-09-17,자동차부품,0.9301438145436334
2026-09-17,전기전자,3.1151562072881447
2026-09-17,통신,3.221563191989389
2026-09-17,화학,3.724244464543541
2026-09-18,가구,1.3781241298608835
2026-09-18,건설,0.8476697013594436
2026-09-18,금융,0.923448905431078
2026-09-18,기계,2.804183012064754
2026-09-18,기타2,3.810284119146057
2026-09-18,레저,0.852075469038027
2026-09-18,미용,5.762744123587071
2026-09-18,바이오,1.499723317789785
2026-09-18,반도체,4.93269749294196
2026-09-18,서비스,1.0201995636527692
2026-09-18,소비재,9.671717438733394
2026-09-18,식품,21.911116280545187
2026-09-18,엔터,2.7280513465788334
2026-09-18,유통 물류,4.5996214564410565
2026-09-18,의료바이오,18.518675168035976
2026-09-18,의류,7.135228870819367
2026-09-18,자동차부품,0.8882027640024109
2026-09-18,전기전자,2.965962801222336
2026-09-18,통신,3.140431201294238
2026-09-18,포장재,1.0235479470884925
2026-09-18,화학,3.586294890366877
2026-09-21,가구,1.3576643343131978
2026-09-21,건설,0.8297795994976469
2026-09-21,금융,0.9108599345836956
2026-09-21,기계,2.859375646917567
2026-09-21,기타2,3.760574945831436
2026-09-21,레저,0.9936653831822134
2026-09-21,미용,5.623870050649333
2026-09-21,바이오,1.4639313266812957
2026-09-21,반도체,4.895872148387364
2026-09-21,서비스,1.0047061096620158
2026-09-21,소비재,9.897148732386592
2026-09-21,식품,21.539249782635697
2026-09-21,엔터,2.653224582177508
2026-09-21,유통 물류,5.701500158710443
2026-09-21,의료바이오,18.40885880290923
2026-09-21,의류,6.970838681185223
2026-09-21,자동차부품,0.8547937454284492
2026-09-21,전기전자,2.9292427441725666
2026-09-21,통신,3.015498419796023
2026-09-21,포장재,0.9998757918271022
2026-09-21,화학,3.3294690790654022
2026-09-22,가구,1.3376937276271998
2026-09-22,건설,1.1983152197931075
2026-09-22,금융,0.8991613493199349
2026-09-22,기계,2.799638295774792
2026-09-22,기타2,3.685711663261525
2026-09-22,레저,0.9749696596784776
2026-09-22,미용,5.49865210784497
2026-09-22,바이오,1.4554855641260118
2026-09-22,반도체,4.883346987894466
2026-09-22,서비스,0.9958764358535912
2026-09-22,소비재,10.2052263540962
2026-09-22,식품,21.11414419896452
2026-09-22,엔터,2.566604229627792
2026-09-22,유통 물류,5.5989366439695
2026-09-22,의료바이오,19.070379347504616
2026-09-22,의류,6.842974813283792
2026-09-22,자동차부품,0.8362710470045519
2026-09-22,전기전자,2.8861549549059533
2026-09-22,통신,2.964342898325078
2026-09-22,포장재,0.9872077725614712
2026-09-22,화학,3.1989067285824526
2026-09-23,가구,1.3524737649083372
2026-09-23,건설,1.215179769857743
2026-09-23,금융,0.891984588962245
2026-09-23,기계,2.9082449734195417
2026-09-23,기타2,2.408187838651415
2026-09-23,레저,0.9772603622855954
2026-09-23,미용,5.51734253402077
2026-09-23,바이오,1.473906466120788
2026-09-23,반도체,4.141844310315128
2026-09-23,서비스,1.0219448675070308
2026-09-23,소비재,11.098983001127346
2026-09-23,식품,21.272382758603044
2026-09-23,엔터,2.578739385298116
2026-09-23,유통 물류,5.919844184106983
2026-09-23,의료바이오,19.34122759592245
2026-09-23,의류,6.694830412069591
2026-09-23,자동차부품,0.8280277589697321
2026-09-23,전기전자,2.865265983664573
2026-09-23,통신,2.9675969116525933
2026-09-23,포장재,1.0028430942826003
2026-09-23,화학,3.5218894382543704
2026-09-28,가구,1.3708937871195366
2026-09-28,건설,1.2241334992657744
2026-09-28,금융,0.8805617271225736
2026-09-28,기계,3.0071437478844887
2026-09-28,기타2,2.3746323569956727
2026-09-28,레저,0.9843967515925188
2026-09-28,미용,5.412315817959557
2026-09-28,바이오,1.429767567333705
2026-09-28,반도체,3.330525376380756
2026-09-28,서비스,1.027322014976336
2026-09-28,소비재,11.003628287578906
2026-09-28,식품,21.414786141417537
2026-09-28,엔터,2.578909104482297
2026-09-28,유통 물류,5.935732567125865
2026-09-28,의료바이오,19.579094887736865
2026-09-28,의류,6.786772571605024
2026-09-28,자동차부품,0.8534153154964443
2026-09-28,전기전자,2.8961827903626847
2026-09-28,통신,2.97592537451444
2026-09-28,포장재,0.997630627260257
2026-09-28,화학,3.936229685788769
2026-09-29,가구,1.3537445083949189
2026-09-29,건설,1.215815822633927
2026-09-29,금융,0.8769539897149474
2026-09-29,기계,3.1417089534448115
2026-09-29,기타2,2.33593297687566
2026-09-29,레저,0.968565882232742
2026-09-29,미용,5.389435684364677
2026-09-29,바이오,1.5580833021149063
2026-09-29,반도체,3.318802574668801
2026-09-29,서비스,1.0250996151619385
2026-09-29,소비재,11.33620542860062
2026-09-29,식품,21.407724006402614
2026-09-29,엔터,2.591697033681845
2026-09-29,유통 물류,5.926676429520144
2026-09-29,의료바이오,19.390389265402035
2026-09-29,의류,6.795967714470592
2026-09-29,자동차부품,0.8454517590164492
2026-09-29,전기전자,2.8556346422368284
2026-09-29,통신,2.935667336443824
2026-09-29,포장재,1.00126008922794
2026-09-29,화학,3.729182985389776
2026-09-30,가구,1.3258458025974291
2026-09-30,건설,1.2106661479316292
2026-09-30,금융,0.8651271839342299
2026-09-30,기계,3.235268522168244
2026-09-30,기타2,2.6684139846870782
2026-09-30,레저,1.121593881656744
2026-09-30,미용,5.281200462083711
2026-09-30,바이오,1.6364042788815116
2026-09-30,반도체,3.3018167670862617
2026-09-30,서비스,1.0320097058055664
2026-09-30,소비재,11.263034497586348
2026-09-30,식품,21.35806197859877
2026-09-30,엔터,2.569786072988068
2026-09-30,유통 물류,5.878428301091562
2026-09-30,의료바이오,19.18244627935588
2026-09-30,의류,6.690316889091378
2026-09-30,자동차부품,0.8472103487639944
2026-09-30,전기전자,2.820621765371365
2026-09-30,통신,2.924710045884161
2026-09-30,포장재,1.0074380461435293
2026-09-30,화학,3.779599038292543
2026-10-01,가구,1.2968905426046855
2026-10-01,건설,1.186180374333554
2026-10-01,금융,0.8490554258387543
2026-10-01,기계,3.3855668901680214
2026-10-01,기타2,2.642060707462948
2026-10-01,레저,1.103605572134334
2026-10-01,미용,5.210869574265296
2026-10-01,바이오,0.9273017101807572
2026-10-01,반도체,3.194779141538372
2026-10-01,서비스,0.9952261442478576
2026-10-01,소비재,11.058946921549776
2026-10-01,식품,21.234043792947013
2026-10-01,에너지,0.8057702472665826
2026-10-01,엔터,2.5138699863069003
2026-10-01,유통 물류,6.409536057802362
2026-10-01,은행,0.9898987376543594
2026-10-01,의료바이오,18.43482459097587
2026-10-01,의류,6.556039739123558
2026-10-01,자동차부품,0.8590443132015633
2026-10-01,전기전자,2.801882905267889
2026-10-01,통신,2.8701403022470835
2026-10-01,포장재,0.9869020714455168
2026-10-01,화학,3.687564251436943
2026-10-02,가구,1.3662116393931307
2026-10-02,건설,1.2514915780700435
2026-10-02,금융,0.8864732011329476
2026-10-02,기계,3.808879854201231
2026-10-02,기타2,2.7020050807081706
2026-10-02,레저,1.3001606949949898
2026-10-02,미용,5.310148293061088
2026-10-02,반도체,3.3373108748534497
2026-10-02,서비스,1.042735830116971
2026-10-02,소비재,11.730126270285679
2026-10-02,식품,22.262992264217683
2026-10-02,에너지,0.8238986222294454
2026-10-02,엔터,2.6003213899899795
2026-10-02,유통 물류,6.708516313279629
2026-10-02,은행,1.0283089133142191
2026-10-02,의료바이오,19.27496921243809
2026-10-02,의류,6.642465368881488
2026-10-02,자동차부품,0.905593211353462
2026-10-02,전기전자,2.925361563738727
2026-10-02,통신,3.062678000776968
2026-10-02,포장재,1.0293518229626109
