종목명,종목코드
AJ네트웍스,095570
CJ제일제당,097950
GS리테일,007070
JYP Ent.,035900
SK텔레콤,017670
계룡건설,013580
노바렉스,194700
두산에너빌리티,034020
레드와이어,RDW
마녀공장,439090
매일유업,267980
메리츠금융지주,138040
미스토홀딩스,081660
비츠로셀,082920
사조대림,003960
삼성전자,005930
삼성중공업,010140
삼아알미늄,006110
서흥,008490
선진,136490
성광벤드,014620
신세계인터내셔날,031430
실리콘투,257720
심텍,222800
아스테라시스,450950
에스엘,005850
영원무역,111770
오리온,271560
오스테오닉,226400
와이지-원,019210
원익QnC,074600
유한양행,000100
이마트,139480
종근당,185750
코오롱티슈진,950160
한국가구,004590
한국단자,025540
한국콜마,161890
한샘,009240
해태제과식품,101530
