id,날짜,종목명,구분,수량,단가,통화,환율,실현손익,메모,정산반영
6882a90b,2026-08-14,삼아알미늄,매수,1.0,53000.0,원,1.0,,일일매매일지,True
38a11467,2026-08-14,서흥,매수,3.0,25000.0,원,1.0,,일일매매일지,True
8c98dc5e,2026-08-14,성광벤드,매수,3.0,26050.0,원,1.0,,일일매매일지,True
de070da0,2026-08-14,CJ제일제당,매수,1.0,185200.0,원,1.0,,일일매매일지,True
a970b03d,2026-08-18,유한양행,매수,1.0,82000.0,원,1.0,,일일매매일지,True
f1664ff4,2026-08-18,사조대림,매수,2.0,30150.0,원,1.0,,일일매매일지,True
6936e9a6,2026-08-18,삼아알미늄,매도,1.0,59500.0,원,1.0,6500.0,일일매매일지,True
2bd92e23,2026-08-18,서흥,매수,1.0,24200.0,원,1.0,,일일매매일지,True
e280b318,2026-08-18,성광벤드,매수,1.0,24500.0,원,1.0,,일일매매일지,True
a2c1b825,2026-08-18,한국단자,매수,1.0,60200.0,원,1.0,,일일매매일지,True
d61471a7,2026-08-18,신세계인터내셔날,매수,7.0,10690.0,원,1.0,,일일매매일지,True
c85da94e,2026-08-18,JYP Ent.,매수,2.0,40025.0,원,1.0,,일일매매일지,True
449d4297,2026-08-18,영원무역,매수,1.0,81300.0,원,1.0,,일일매매일지,True
c069b8ff,2026-08-18,한국콜마,매수,1.0,126600.0,원,1.0,,일일매매일지,True
fc277d7c,2026-08-18,종근당,매수,1.0,67300.0,원,1.0,,일일매매일지,True
4fe9ec93,2026-08-18,심텍,매수,1.0,108800.0,원,1.0,,일일매매일지,True
4efecf1e,2026-08-18,실리콘투,매수,1.0,41500.0,원,1.0,,일일매매일지,True
23ef26f2,2026-08-19,서흥,매수,1.0,23550.0,원,1.0,,일일매매일지,True
37af6610,2026-08-19,한샘,매수,1.0,39000.0,원,1.0,,일일매매일지,True
1d16b3d4,2026-08-19,성광벤드,매수,1.0,24050.0,원,1.0,,일일매매일지,True
589d6727,2026-08-19,노바렉스,매수,2.0,11340.0,원,1.0,,일일매매일지,True
689850fd,2026-08-19,오리온,매수,1.0,123100.0,원,1.0,,일일매매일지,True
263e9671,2026-08-20,서흥,매수,1.0,23400.0,원,1.0,,일일매매일지,True
0576bae1,2026-08-20,한국단자,매수,1.0,55800.0,원,1.0,,일일매매일지,True
059f587a,2026-08-20,신세계인터내셔날,매수,2.0,10265.0,원,1.0,,일일매매일지,True
3bef365d,2026-08-20,영원무역,매수,1.0,76300.0,원,1.0,,일일매매일지,True
edb88702,2026-08-20,노바렉스,매수,2.0,11190.0,원,1.0,,일일매매일지,True
2237f45b,2026-08-21,서흥,매수,1.0,22400.0,원,1.0,,일일매매일지,True
7c57b1a3,2026-08-21,성광벤드,매수,1.0,22750.0,원,1.0,,일일매매일지,True
858a47a0,2026-08-21,신세계인터내셔날,매수,1.0,10160.0,원,1.0,,일일매매일지,True
fb9644b8,2026-08-21,실리콘투,매도,1.0,47650.0,원,1.0,6150.0,일일매매일지,True
d65d36c0,2026-08-21,코오롱티슈진,매수,3.0,20500.0,원,1.0,,일일매매일지,True
4c2a95a6,2026-08-24,한국가구,매수,5.0,4815.0,원,1.0,,일일매매일지,True
1961be8f,2026-08-24,한국콜마,매도,1.0,140200.0,원,1.0,13600.0,일일매매일지,True
fe42ac6d,2026-08-24,오스테오닉,매수,10.0,4215.0,원,1.0,,일일매매일지,True
e6ec1a9d,2026-08-25,서흥,매수,3.0,21933.0,원,1.0,,일일매매일지,True
29985528,2026-08-25,와이지-원,매수,5.0,13980.0,원,1.0,,일일매매일지,True
cdbdeb83,2026-08-25,아스테라시스,매수,8.0,5240.0,원,1.0,,일일매매일지,True
255e8dfa,2026-08-25,코오롱티슈진,매수,2.0,19615.0,원,1.0,,일일매매일지,True
9ac02a44,2026-08-26,서흥,매수,1.0,22800.0,원,1.0,,일일매매일지,True
f9c1e443,2026-08-26,삼성중공업,매수,2.0,20300.0,원,1.0,,일일매매일지,True
cbd4e142,2026-08-26,계룡건설,매수,2.0,22300.0,원,1.0,,일일매매일지,True
d0e3f4a5,2026-08-26,성광벤드,매도,3.0,29800.0,원,1.0,14675.0,일일매매일지,True
8c85f617,2026-08-26,한국단자,매수,1.0,56200.0,원,1.0,,일일매매일지,True
54ca05f5,2026-08-26,신세계인터내셔날,매수,1.0,10380.0,원,1.0,,일일매매일지,True
c992c0a0,2026-08-26,미스토홀딩스,매수,2.0,41850.0,원,1.0,,일일매매일지,True
0f9f8219,2026-08-26,영원무역,매수,1.0,76700.0,원,1.0,,일일매매일지,True
3bf5a1c0,2026-08-26,이마트,매수,1.0,74300.0,원,1.0,,일일매매일지,True
40d7e31b,2026-08-26,코오롱티슈진,매수,2.0,18745.0,원,1.0,,일일매매일지,True
f048a331,2026-08-27,GS리테일,매수,2.0,26350.0,원,1.0,,일일매매일지,True
bc0e6bef,2026-08-27,서흥,매수,1.0,22600.0,원,1.0,,일일매매일지,True
e8fa24a1,2026-08-27,성광벤드,매도,3.0,29533.0,원,1.0,13874.0,일일매매일지,True
008dad9c,2026-08-27,두산에너빌리티,매수,1.0,85600.0,원,1.0,,일일매매일지,True
07e367c3,2026-08-27,영원무역,매수,1.0,73700.0,원,1.0,,일일매매일지,True
2850bdbc,2026-08-27,심텍,매도,1.0,123500.0,원,1.0,14700.0,일일매매일지,True
f2d0ab50,2026-08-28,서흥,매수,1.0,21750.0,원,1.0,,일일매매일지,True
6bd383d2,2026-08-28,원익QnC,매수,2.0,26000.0,원,1.0,,일일매매일지,True
9819a4f0,2026-08-28,비츠로셀,매수,2.0,28450.0,원,1.0,,일일매매일지,True
289dbbbe,2026-08-28,해태제과식품,매수,7.0,5550.0,원,1.0,,일일매매일지,True
f757e29c,2026-08-28,선진,매수,4.0,10230.0,원,1.0,,일일매매일지,True
eadcb15d,2026-08-28,메리츠금융지주,매수,1.0,119200.0,원,1.0,,일일매매일지,True
d99b0899,2026-08-28,매일유업,매수,1.0,34000.0,원,1.0,,일일매매일지,True
b360e8c0,2026-08-28,마녀공장,매수,2.0,17140.0,원,1.0,,일일매매일지,True
87b4e55c,2026-08-28,코오롱티슈진,매수,1.0,18270.0,원,1.0,,일일매매일지,True
cd1bc904,2026-08-31,삼성전자,매수,1.0,252000.0,원,1.0,,일일매매일지,True
3cec4b02,2026-08-31,삼성전자,매도,1.0,257500.0,원,1.0,5500.0,일일매매일지,True
6e20f41d,2026-08-31,SK텔레콤,매수,1.0,94400.0,원,1.0,,일일매매일지,True
5ead241a,2026-08-31,비츠로셀,매수,1.0,25850.0,원,1.0,,일일매매일지,True
1bac6e80,2026-08-31,코오롱티슈진,매수,1.0,17690.0,원,1.0,,일일매매일지,True
bb16dc6d,2026-09-01,서흥,매수,1.0,22200.0,원,1.0,,일일매매일지,True
6ca618a3,2026-09-01,와이지-원,매수,1.0,13620.0,원,1.0,,일일매매일지,True
0bb345a3,2026-09-02,에스엘,매수,1.0,50000.0,원,1.0,,일일매매일지,True
b37d0a10,2026-09-02,삼성전자,매수,1.0,252500.0,원,1.0,,일일매매일지,True
614af7c4,2026-09-02,서흥,매수,1.0,21700.0,원,1.0,,일일매매일지,True
1075d480,2026-09-02,한샘,매수,1.0,37750.0,원,1.0,,일일매매일지,True
a3e94e6f,2026-09-02,계룡건설,매수,1.0,20900.0,원,1.0,,일일매매일지,True
77285577,2026-09-02,두산에너빌리티,매수,1.0,77600.0,원,1.0,,일일매매일지,True
0b024e4e,2026-09-02,JYP Ent.,매수,1.0,39250.0,원,1.0,,일일매매일지,True
047faf43,2026-09-02,AJ네트웍스,매수,8.0,4300.0,원,1.0,,일일매매일지,True
66e6d4ea,2026-09-02,메리츠금융지주,매도,1.0,133300.0,원,1.0,14100.0,일일매매일지,True
5d1e77fc,2026-09-02,노바렉스,매수,1.0,10940.0,원,1.0,,일일매매일지,True
8478277f,2026-09-02,마녀공장,매수,1.0,16620.0,원,1.0,,일일매매일지,True
23ac7d0c,2026-09-03,GS리테일,매수,1.0,25450.0,원,1.0,,일일매매일지,True
b22463e4,2026-09-03,서흥,매수,1.0,21300.0,원,1.0,,일일매매일지,True
d5c0b9e4,2026-09-03,삼성중공업,매도,2.0,21600.0,원,1.0,2600.0,일일매매일지,True
682e0816,2026-09-03,SK텔레콤,매수,1.0,89700.0,원,1.0,,일일매매일지,True
e0440bd8,2026-09-03,롯데쇼핑,매수,1.0,106600.0,원,1.0,,일일매매일지,True
59360fcf,2026-09-03,노바렉스,매수,1.0,10740.0,원,1.0,,일일매매일지,True
9603b3f4,2026-09-03,마녀공장,매수,1.0,16000.0,원,1.0,,일일매매일지,True
353e7f20,2026-09-03,아스테라시스,매수,1.0,5110.0,원,1.0,,일일매매일지,True
32e75a30,2026-09-04,대신증권,매수,1.0,26600.0,원,1.0,,일일매매일지,True
1d093f12,2026-09-04,삼성전자,매도,1.0,256000.0,원,1.0,3500.0,일일매매일지,True
4dddc106,2026-09-04,GS리테일,매수,1.0,25050.0,원,1.0,,일일매매일지,True
718e6e5b,2026-09-04,아이센스,매수,3.0,16510.0,원,1.0,,일일매매일지,True
ae29ae83,2026-09-04,오리온,매수,1.0,125800.0,원,1.0,,일일매매일지,True
7c2b37c9,2026-09-07,GS리테일,매수,1.0,24700.0,원,1.0,,일일매매일지,True
ac0414c7,2026-09-07,풀무원,매수,3.0,9420.0,원,1.0,,일일매매일지,True
1e015fad,2026-09-07,롯데쇼핑,매도,1.0,110350.0,원,1.0,3750.0,일일매매일지,True
e461c2d2,2026-09-07,두산에너빌리티,매도,2.0,83600.0,원,1.0,4000.0,일일매매일지,True
1afcd18e,2026-09-07,미스토홀딩스,매수,1.0,40150.0,원,1.0,,일일매매일지,True
592ed3f6,2026-09-07,비츠로셀,매도,1.0,29800.0,원,1.0,2216.666666666668,일일매매일지,True
ed4018a9,2026-09-07,AJ네트웍스,매수,4.0,4183.0,원,1.0,,일일매매일지,True
e429721f,2026-09-07,CJ제일제당,매수,1.0,181900.0,원,1.0,,일일매매일지,True
dcea04d9,2026-09-07,선진,매도,4.0,11250.0,원,1.0,4080.0,일일매매일지,True
448ef3ab,2026-09-07,앱클론,매수,1.0,21300.0,원,1.0,,일일매매일지,True
7c08396e,2026-09-07,노바렉스,매수,1.0,10390.0,원,1.0,,일일매매일지,True
3a6ab6f8,2026-09-07,씨앤씨인터내셔널,매수,1.0,21650.0,원,1.0,,일일매매일지,True
73acf64a,2026-09-07,마녀공장,매수,1.0,16010.0,원,1.0,,일일매매일지,True
5550d748,2026-09-08,서흥,매수,1.0,21150.0,원,1.0,,일일매매일지,True
77dd1b34,2026-09-08,OCI홀딩스,매수,1.0,215500.0,원,1.0,,일일매매일지,True
4a0ad358,2026-09-08,바텍,매수,2.0,18010.0,원,1.0,,일일매매일지,True
ed5416ec,2026-09-08,노바렉스,매수,1.0,10500.0,원,1.0,,일일매매일지,True
949bfa66,2026-09-08,실리콘투,매수,1.0,46400.0,원,1.0,,일일매매일지,True
e3b80845,2026-09-08,오리온,매수,1.0,120500.0,원,1.0,,일일매매일지,True
1cd4e05f,2026-09-08,더네이쳐홀딩스,매수,7.0,6540.0,원,1.0,,일일매매일지,True
605f4756,2026-09-08,씨앤씨인터내셔널,매수,1.0,21250.0,원,1.0,,일일매매일지,True
e4cb06bc,2026-09-08,마녀공장,매수,1.0,15950.0,원,1.0,,일일매매일지,True
